{
  "summary": {
    "DQN Vanilla": {
      "mean": 55.6,
      "std": 10.922453936730518,
      "n": 5,
      "raw": [
        57,
        74,
        50,
        47,
        50
      ],
      "source": "raw"
    },
    "DQN+CHARM": {
      "mean": 57.8,
      "std": 4.43846820423443,
      "n": 5,
      "raw": [
        55,
        52,
        58,
        61,
        63
      ],
      "source": "raw"
    },
    "QMIX Vanilla": {
      "mean": 46.4,
      "std": 12.074767078498866,
      "n": 5,
      "raw": [
        64,
        37,
        53,
        43,
        35
      ],
      "source": "raw"
    },
    "QMIX+CHARM": {
      "mean": 49.6,
      "std": 7.569676347110224,
      "n": 5,
      "raw": [
        48,
        42,
        43,
        58,
        57
      ],
      "source": "raw"
    },
    "MADDPG Vanilla": {
      "mean": 42.8,
      "std": 24.793144213673266,
      "n": 5,
      "raw": [
        68,
        6,
        45,
        33,
        62
      ],
      "source": "raw"
    },
    "MADDPG+CHARM": {
      "mean": 44.8,
      "std": 7.328028384224504,
      "n": 5,
      "raw": [
        42,
        46,
        40,
        39,
        57
      ],
      "source": "raw"
    },
    "QPLEX Vanilla": {
      "mean": 54.2,
      "std": 15.039946808416579,
      "n": 5,
      "raw": [
        52,
        80,
        44,
        43,
        52
      ],
      "source": "raw"
    },
    "QPLEX+CHARM": {
      "mean": 53.0,
      "std": 11.022703842524301,
      "n": 5,
      "raw": [
        39,
        57,
        60,
        65,
        44
      ],
      "source": "raw"
    },
    "EMC": {
      "mean": 62.4,
      "std": 5.029910535983716,
      "n": 5,
      "raw": [
        64,
        62,
        57,
        59,
        70
      ],
      "source": "raw"
    },
    "EMU": {
      "mean": 47.8,
      "std": 6.723094525588644,
      "n": 5,
      "raw": [
        42,
        52,
        40,
        56,
        49
      ],
      "source": "raw"
    },
    "MAPPO": {
      "mean": 53.6,
      "std": 22.87575135378071,
      "n": 5,
      "raw": [
        28,
        57,
        32,
        76,
        75
      ],
      "source": "raw"
    }
  },
  "vanilla_vs_charm": {
    "DQN": {
      "delta": 2.1999999999999957,
      "g": 0.11780550157236652,
      "g_ci": [
        -0.5366563145999496,
        3.9522226015323954
      ],
      "d_ci": [
        -10.800000000000004,
        12.400000000000006
      ],
      "poi": 0.72,
      "t": 0.32927638704908735,
      "p": 0.7584667255248118,
      "n": 5
    },
    "QMIX": {
      "delta": 3.200000000000003,
      "g": 0.15885613449620822,
      "g_ci": [
        -0.8753659706978714,
        1.8437024649259834
      ],
      "d_ci": [
        -9.400000000000006,
        15.799999999999997
      ],
      "poi": 0.62,
      "t": 0.4440163942204636,
      "p": 0.679993182619111,
      "n": 5
    },
    "MADDPG": {
      "delta": 2.0,
      "g": 0.0661236065315135,
      "g_ci": [
        -0.9319977486437113,
        0.8419891864393142
      ],
      "d_ci": [
        -15.399999999999999,
        22.0
      ],
      "poi": 0.48,
      "t": 0.1848210989023916,
      "p": 0.8623618599094536,
      "n": 5
    },
    "QPLEX": {
      "delta": -1.2000000000000028,
      "g": -0.049660339483681204,
      "g_ci": [
        -2.04483088135262,
        0.8744669842023474
      ],
      "d_ci": [
        -16.0,
        13.799999999999997
      ],
      "poi": 0.54,
      "t": -0.13880486858903496,
      "p": 0.8963121092501951,
      "n": 5
    }
  },
  "variance": {
    "DQN": {
      "sv": 10.922453936730518,
      "sc": 4.43846820423443,
      "ratio": 2.460861142659572,
      "ratio_ci": [
        0.5827715174143586,
        4.203173404306164
      ],
      "F": 6.055837563451775,
      "pF": 0.054565738475934246,
      "pLev": 0.17708053649630592,
      "pBF": 0.4813503904692398
    },
    "QMIX": {
      "sv": 12.074767078498866,
      "sc": 7.569676347110224,
      "ratio": 1.5951497164219564,
      "ratio_ci": [
        0.37500000000000006,
        4.755801410784888
      ],
      "F": 2.544502617801048,
      "pF": 0.19387480949880304,
      "pLev": 0.2461295347240011,
      "pBF": 0.45940810837525947
    },
    "MADDPG": {
      "sv": 24.793144213673266,
      "sc": 7.328028384224504,
      "ratio": 3.383330810651196,
      "ratio_ci": [
        1.0,
        12.0
      ],
      "F": 11.446927374301678,
      "pF": 0.018326928690734323,
      "pLev": 0.0679374184727777,
      "pBF": 0.08992764167743311
    },
    "QPLEX": {
      "sv": 15.039946808416579,
      "sc": 11.022703842524301,
      "ratio": 1.3644516829341113,
      "ratio_ci": [
        0.34615384615384615,
        5.629098239323223
      ],
      "F": 1.8617283950617287,
      "pF": 0.2809847527984836,
      "pLev": 0.8162690276654367,
      "pBF": 0.9237074338781567
    }
  },
  "vs_episodic": {
    "QPLEX+CHARM vs EMU": {
      "delta": 5.200000000000003,
      "g": 0.413526241693523,
      "g_ci": [
        -0.42437368350996274,
        1.6309715850361852
      ],
      "d_ci": [
        -2.1999999999999957,
        13.199999999999996
      ],
      "poi": 0.68,
      "t": 1.1558409836334063,
      "p": 0.3120835903700103,
      "n": 5
    },
    "QPLEX+CHARM vs EMC": {
      "delta": -9.399999999999999,
      "g": -0.4933932863323614,
      "g_ci": [
        -1.8646184322759958,
        0.4616526320832144
      ],
      "d_ci": [
        -21.4,
        2.6000000000000014
      ],
      "poi": 0.26,
      "t": -1.3790761598514725,
      "p": 0.23996302177772955,
      "n": 5
    },
    "DQN+CHARM vs EMU": {
      "delta": 10.0,
      "g": 1.0937374832394613,
      "g_ci": [
        0.5719693489779089,
        5.988433295389815
      ],
      "d_ci": [
        4.0,
        15.399999999999999
      ],
      "poi": 0.9,
      "t": 3.0570892025787155,
      "p": 0.03776568264923163,
      "n": 5
    },
    "DQN+CHARM vs EMC": {
      "delta": -4.600000000000001,
      "g": -0.6475101156315639,
      "g_ci": [
        -5.878775382679628,
        -0.041731242476584086
      ],
      "d_ci": [
        -9.000000000000007,
        -0.19999999999999574
      ],
      "poi": 0.24,
      "t": -1.8098457933386574,
      "p": 0.14457320560536863,
      "n": 5
    },
    "QMIX+CHARM vs EMU": {
      "delta": 1.8000000000000043,
      "g": 0.2052957414643924,
      "g_ci": [
        -0.45143047491746785,
        2.593838853899756
      ],
      "d_ci": [
        -4.399999999999999,
        6.399999999999999
      ],
      "poi": 0.62,
      "t": 0.5738190417570045,
      "p": 0.5968128239027226,
      "n": 5
    },
    "QMIX+CHARM vs EMC": {
      "delta": -12.799999999999997,
      "g": -1.4381228176545902,
      "g_ci": [
        -9.182785827599137,
        -0.6625562876260624
      ],
      "d_ci": [
        -17.6,
        -6.600000000000001
      ],
      "poi": 0.06,
      "t": -4.019675475336498,
      "p": 0.015868693142902002,
      "n": 5
    }
  },
  "backbone": {
    "QMIX+CHARM": {
      "delta": 8.199999999999996,
      "g": 1.4418453018254542,
      "g_ci": [
        1.0711018902323246,
        3.90353240250306
      ],
      "d_ci": [
        5.0,
        11.799999999999997
      ],
      "poi": 0.82,
      "t": 4.030080134900521,
      "p": 0.01573252290137329,
      "n": 5
    },
    "MADDPG+CHARM": {
      "delta": 13.0,
      "g": 1.4562912873891303,
      "g_ci": [
        1.0285912696499033,
        4.014984279599623
      ],
      "d_ci": [
        7.399999999999999,
        18.6
      ],
      "poi": 0.92,
      "t": 4.070457892053472,
      "p": 0.01521722014307837,
      "n": 5
    },
    "QPLEX+CHARM": {
      "delta": 4.799999999999997,
      "g": 0.32843313596351625,
      "g_ci": [
        -2.612789058968724,
        1.229555153232403
      ],
      "d_ci": [
        -4.0,
        13.799999999999997
      ],
      "poi": 0.6,
      "t": 0.9179985225973165,
      "p": 0.41056404892465526,
      "n": 5
    }
  },